{
	"format_version": "1.8.0",
	"animations": {
		"punch_animation": {
			"animation_length": 3.7798,
			"bones": {
				"torso": {
					"rotation": {
						"0.0": {
							"vector": [0, 0, 0]
						},
						"1.25": {
							"vector": [37.60555, 3.9649, 3.04868]
						},
						"2.0536": {
							"vector": [13.22483, -18.60551, -2.82983]
						},
						"3.2143": {
							"vector": [0, 0, 0]
						}
					},
					"position": {
						"0.0": {
							"vector": [0, 0, 0]
						},
						"2.0536": {
							"vector": [0, 0, 0]
						},
						"3.2143": {
							"vector": [0, 0, 0]
						}
					},
					"scale": {
						"0.0": {
							"vector": [1, 1, 1]
						},
						"3.2143": {
							"vector": [1, 1, 1]
						}
					}
				},
				"head": {
					"rotation": {
						"0.0": {
							"vector": [0, 0, 0]
						},
						"1.25": {
							"vector": [9.64467, 4.13603, 6.3911]
						},
						"3.2143": {
							"vector": [0, 0, 0]
						}
					},
					"position": {
						"0.0": {
							"vector": [0, 0, 0]
						},
						"1.25": {
							"vector": [0, -1, -7]
						},
						"3.2143": {
							"vector": [0, 0, 0]
						}
					},
					"scale": {
						"0.0": {
							"vector": [1, 1, 1]
						},
						"3.2143": {
							"vector": [1, 1, 1]
						}
					}
				},
				"right_arm": {
					"rotation": {
						"0.0": {
							"vector": [0, 0, 0]
						},
						"1.25": {
							"vector": [-82.32005, 12.39135, -37.3425]
						},
						"1.6071": {
							"vector": [-81.85557, 14.85822, 2.06768]
						},
						"1.9643": {
							"vector": [-81.8898, -22.29846, -3.09231]
						},
						"2.8274": {
							"vector": [0, 0, 0]
						}
					},
					"position": {
						"0.0": {
							"vector": [0, 0, 0]
						},
						"1.25": {
							"vector": [0, 0, 0]
						},
						"1.6071": {
							"vector": [-1.5, 0, 8]
						},
						"1.9643": {
							"vector": [1, 0, -10]
						},
						"2.8274": {
							"vector": [0, 0, 0]
						}
					},
					"scale": {
						"vector": [1, 1, 1]
					}
				},
				"left_arm": {
					"rotation": {
						"0.0": {
							"vector": [0, 0, 0]
						},
						"1.25": {
							"vector": [-64.99059, 48.83377, 20.5052]
						},
						"1.9643": {
							"vector": [-143.75908, -5.66341, -0.48675]
						},
						"2.9762": {
							"vector": [0, 0, 0]
						}
					},
					"position": {
						"0.0": {
							"vector": [0, 0, 0]
						},
						"1.25": {
							"vector": [0, -2, -9]
						},
						"1.9643": {
							"vector": [0, -6, -2]
						},
						"2.9762": {
							"vector": [0, 0, 0]
						}
					},
					"scale": {
						"vector": [1, 1, 1]
					}
				},
				"right_leg": {
					"rotation": {
						"0.0": {
							"vector": [0, 0, 0]
						},
						"1.25": {
							"vector": [-19.79887, 3.45533, 6.66067]
						},
						"1.6964": {
							"vector": [-32.79538, 2.66937, 5.14562]
						},
						"3.2143": {
							"vector": [0, 0, 0]
						}
					},
					"position": {
						"0.0": {
							"vector": [0, 0, 0]
						},
						"1.25": {
							"vector": [0, -2, 0]
						},
						"3.2143": {
							"vector": [0, 0, 0]
						}
					},
					"scale": {
						"0.0": {
							"vector": [1, 1, 1]
						},
						"3.2143": {
							"vector": [1, 1, 1]
						}
					}
				},
				"left_leg": {
					"rotation": {
						"0.0": {
							"vector": [0, 0, 0]
						},
						"1.25": {
							"vector": [51.82077, -5.49079, -15.96844]
						},
						"3.2143": {
							"vector": [0, 0, 0]
						}
					},
					"position": {
						"0.0": {
							"vector": [0, 0, 0]
						},
						"1.25": {
							"vector": [1, -2, 0]
						},
						"3.2143": {
							"vector": [0, 0, 0]
						}
					},
					"scale": {
						"0.0": {
							"vector": [1, 1, 1]
						},
						"3.2143": {
							"vector": [1, 1, 1]
						}
					}
				}
			}
		}
	},
	"geckolib_format_version": 2
}