{
	"format_version": "1.8.0",
	"animations": {
		"tableflip_animation": {
			"animation_length": 3.125,
			"bones": {
				"torso": {
					"rotation": {
						"0.0": {
							"vector": [0, 0, 0]
						},
						"1.7857": {
							"vector": [26.60779, 2.85016, -0.02644]
						},
						"2.0238": {
							"vector": [26.60779, 2.85016, -0.02644]
						},
						"2.5": {
							"vector": [26.60779, 2.85016, -0.02644]
						},
						"2.8274": {
							"vector": [26.60779, 2.85016, -0.02644]
						},
						"2.8869": {
							"vector": [-2.5, -32.5, 0]
						},
						"3.0655": {
							"vector": [0, 0, 0]
						}
					},
					"position": {
						"0.0": {
							"vector": [0, 0, 0]
						},
						"1.7857": {
							"vector": [0, -7, 0]
						},
						"2.0238": {
							"vector": [0, -7, 0]
						},
						"2.5": {
							"vector": [0, -7, 0]
						},
						"2.8274": {
							"vector": [0, -7, 0]
						},
						"2.8869": {
							"vector": [0, 0, -1]
						},
						"3.0655": {
							"vector": [0, 0, 0]
						}
					}
				},
				"head": {
					"rotation": {
						"0.0": {
							"vector": [0, 0, 0]
						},
						"1.7857": {
							"vector": [0, 0, 0]
						},
						"2.0238": {
							"vector": [0, 0, 0]
						},
						"2.5": {
							"vector": [0, 0, 0]
						},
						"2.8274": {
							"vector": [0, 0, 0]
						},
						"2.8869": {
							"vector": [-7.4218, -17.5046, -0.2284]
						},
						"3.0655": {
							"vector": [0, 0, 0]
						}
					},
					"position": {
						"0.0": {
							"vector": [0, 0, 0]
						},
						"1.7857": {
							"vector": [0, -8, -5]
						},
						"2.0238": {
							"vector": [0, -8, -5]
						},
						"2.5": {
							"vector": [0, -8, -5]
						},
						"2.8274": {
							"vector": [0, -8, -5]
						},
						"2.8869": {
							"vector": [0, 0, 1]
						},
						"3.0655": {
							"vector": [0, 0, 0]
						}
					}
				},
				"right_arm": {
					"rotation": {
						"0.0": {
							"vector": [0, 0, 0]
						},
						"1.1607": {
							"vector": [-17.5, 0, 0]
						},
						"2.4405": {
							"vector": [-17.5, 0, 0]
						},
						"2.5": {
							"vector": [-40, 0, 0]
						},
						"2.8274": {
							"vector": [-40, 0, 0]
						},
						"2.8869": {
							"vector": [-155, 0, 0]
						},
						"3.0655": {
							"vector": [0, 0, 0]
						}
					},
					"position": {
						"0.0": {
							"vector": [0, 0, 0]
						},
						"1.1607": {
							"vector": [0, -1, -3]
						},
						"2.4405": {
							"vector": [0, -1, -3]
						},
						"2.5": {
							"vector": [0, -13, -6]
						},
						"2.8274": {
							"vector": [0, -13, -6]
						},
						"2.8869": {
							"vector": [0, 2, -6]
						},
						"3.0655": {
							"vector": [0, 0, 0]
						}
					}
				},
				"left_arm": {
					"rotation": {
						"0.0": {
							"vector": [0, 0, 0]
						},
						"1.7857": {
							"vector": [0, 0, -22.5]
						},
						"2.0238": {
							"vector": [0, 0, -22.5]
						},
						"2.5": {
							"vector": [0, 0, -22.5]
						},
						"2.8274": {
							"vector": [0, 0, -22.5]
						},
						"2.8869": {
							"vector": [2.28888, -42.45005, -3.38905]
						},
						"3.0655": {
							"vector": [0, 0, 0]
						}
					},
					"position": {
						"0.0": {
							"vector": [0, 0, 0]
						},
						"1.7857": {
							"vector": [0, -9, -5]
						},
						"2.0238": {
							"vector": [0, -9, -5]
						},
						"2.5": {
							"vector": [0, -9, -5]
						},
						"2.8274": {
							"vector": [0, -9, -5]
						},
						"2.8869": {
							"vector": [-2, 0, 4]
						},
						"3.0655": {
							"vector": [0, 0, 0]
						}
					}
				},
				"right_leg": {
					"rotation": {
						"0.0": {
							"vector": [0, 0, 0]
						},
						"1.7857": {
							"vector": [-7.5, 0, 0]
						},
						"2.0238": {
							"vector": [-7.5, 0, 0]
						},
						"2.5": {
							"vector": [-7.5, 0, 0]
						},
						"2.8274": {
							"vector": [-7.5, 0, 0]
						},
						"2.8869": {
							"vector": [-5.07673, 9.96156, -0.88045]
						},
						"3.0655": {
							"vector": [0, 0, 0]
						}
					},
					"position": {
						"0.0": {
							"vector": [0, 0, 0]
						},
						"1.7857": {
							"vector": [0, -2, -4]
						},
						"2.0238": {
							"vector": [0, -2, -4]
						},
						"2.5": {
							"vector": [0, -2, -4]
						},
						"2.8274": {
							"vector": [0, -2, -4]
						},
						"2.8869": {
							"vector": [0, 0, -3]
						},
						"3.0655": {
							"vector": [0, 0, 0]
						}
					}
				},
				"left_leg": {
					"rotation": {
						"0.0": {
							"vector": [0, 0, 0]
						},
						"1.7857": {
							"vector": [30, 0, 0]
						},
						"2.0238": {
							"vector": [30, 0, 0]
						},
						"2.5": {
							"vector": [30, 0, 0]
						},
						"2.8274": {
							"vector": [30, 0, 0]
						},
						"2.8869": {
							"vector": [9.28623, -19.48625, -5.2844]
						},
						"3.0655": {
							"vector": [0, 0, 0]
						}
					},
					"position": {
						"0.0": {
							"vector": [0, 0, 0]
						},
						"1.7857": {
							"vector": [0, -3, -0.5]
						},
						"2.0238": {
							"vector": [0, -3, -0.5]
						},
						"2.5": {
							"vector": [0, -3, -0.5]
						},
						"2.8274": {
							"vector": [0, -3, -0.5]
						},
						"2.8869": {
							"vector": [0, 0, 1]
						},
						"3.0655": {
							"vector": [0, 0, 0]
						}
					}
				}
			}
		}
	},
	"geckolib_format_version": 2
}